{
  "timestamp": "20260605_223142",
  "models": {
    "SVM": {
      "accuracy": 0.5828476269775187,
      "precision": 0.5779285876865956,
      "recall": 0.5828476269775187,
      "f1": 0.5786334766842299,
      "confusion_matrix": [
        [
          87,
          8,
          3,
          14,
          13,
          4,
          14,
          7
        ],
        [
          9,
          75,
          13,
          3,
          20,
          8,
          14,
          8
        ],
        [
          2,
          7,
          113,
          2,
          12,
          4,
          8,
          2
        ],
        [
          20,
          6,
          1,
          106,
          2,
          8,
          5,
          2
        ],
        [
          10,
          25,
          7,
          2,
          93,
          2,
          6,
          5
        ],
        [
          7,
          5,
          15,
          10,
          5,
          92,
          11,
          5
        ],
        [
          13,
          11,
          19,
          8,
          9,
          21,
          46,
          24
        ],
        [
          6,
          12,
          14,
          3,
          8,
          3,
          16,
          88
        ]
      ]
    },
    "RandomForest": {
      "accuracy": 0.5262281432139884,
      "precision": 0.5248146483265366,
      "recall": 0.5262281432139884,
      "f1": 0.5198428095562454,
      "confusion_matrix": [
        [
          79,
          3,
          5,
          13,
          11,
          6,
          19,
          14
        ],
        [
          10,
          52,
          9,
          5,
          19,
          15,
          17,
          23
        ],
        [
          1,
          1,
          103,
          2,
          17,
          10,
          10,
          6
        ],
        [
          25,
          2,
          0,
          103,
          2,
          8,
          6,
          4
        ],
        [
          4,
          13,
          11,
          3,
          94,
          5,
          12,
          8
        ],
        [
          7,
          3,
          18,
          20,
          4,
          81,
          8,
          9
        ],
        [
          10,
          5,
          22,
          10,
          7,
          28,
          38,
          31
        ],
        [
          5,
          9,
          13,
          3,
          8,
          11,
          19,
          82
        ]
      ]
    },
    "KNN": {
      "accuracy": 0.4945878434637802,
      "precision": 0.5081913045947044,
      "recall": 0.4945878434637802,
      "f1": 0.47942287739717865,
      "confusion_matrix": [
        [
          46,
          6,
          7,
          19,
          7,
          14,
          25,
          26
        ],
        [
          2,
          30,
          18,
          9,
          25,
          17,
          15,
          34
        ],
        [
          1,
          0,
          108,
          3,
          4,
          11,
          11,
          12
        ],
        [
          12,
          5,
          4,
          93,
          2,
          11,
          10,
          13
        ],
        [
          3,
          7,
          22,
          2,
          77,
          8,
          17,
          14
        ],
        [
          3,
          4,
          8,
          15,
          2,
          95,
          10,
          13
        ],
        [
          5,
          6,
          19,
          12,
          5,
          26,
          40,
          38
        ],
        [
          2,
          3,
          10,
          1,
          4,
          8,
          17,
          105
        ]
      ]
    },
    "XGBoost": {
      "accuracy": 0.5978351373855121,
      "precision": 0.5954434508594009,
      "recall": 0.5978351373855121,
      "f1": 0.5949165332001892,
      "confusion_matrix": [
        [
          92,
          9,
          3,
          15,
          6,
          6,
          14,
          5
        ],
        [
          6,
          77,
          8,
          1,
          22,
          8,
          13,
          15
        ],
        [
          0,
          3,
          112,
          2,
          9,
          9,
          7,
          8
        ],
        [
          10,
          4,
          0,
          110,
          3,
          12,
          7,
          4
        ],
        [
          9,
          15,
          9,
          1,
          98,
          1,
          12,
          5
        ],
        [
          7,
          4,
          19,
          14,
          4,
          89,
          7,
          6
        ],
        [
          11,
          7,
          20,
          5,
          5,
          19,
          54,
          30
        ],
        [
          5,
          7,
          10,
          2,
          11,
          11,
          18,
          86
        ]
      ]
    },
    "CNN": {
      "accuracy": 0.559533721898418,
      "precision": 0.5441855447696538,
      "recall": 0.559533721898418,
      "f1": 0.5453092434089117,
      "confusion_matrix": [
        [
          91,
          6,
          1,
          24,
          9,
          5,
          11,
          3
        ],
        [
          8,
          60,
          17,
          7,
          21,
          9,
          9,
          19
        ],
        [
          1,
          3,
          105,
          1,
          13,
          10,
          10,
          7
        ],
        [
          25,
          4,
          0,
          105,
          4,
          6,
          5,
          1
        ],
        [
          10,
          10,
          16,
          1,
          92,
          2,
          13,
          6
        ],
        [
          16,
          6,
          16,
          12,
          3,
          88,
          3,
          6
        ],
        [
          16,
          12,
          25,
          8,
          8,
          22,
          24,
          36
        ],
        [
          3,
          4,
          12,
          3,
          7,
          4,
          10,
          107
        ]
      ]
    },
    "CRNN": {
      "accuracy": 0.5711906744379683,
      "precision": 0.560157293126442,
      "recall": 0.5711906744379683,
      "f1": 0.5619375720610867,
      "confusion_matrix": [
        [
          82,
          10,
          1,
          24,
          11,
          5,
          16,
          1
        ],
        [
          9,
          64,
          15,
          5,
          21,
          11,
          15,
          10
        ],
        [
          1,
          4,
          113,
          2,
          7,
          11,
          5,
          7
        ],
        [
          20,
          3,
          0,
          108,
          1,
          11,
          5,
          2
        ],
        [
          12,
          14,
          20,
          2,
          83,
          0,
          13,
          6
        ],
        [
          11,
          3,
          14,
          11,
          2,
          104,
          3,
          2
        ],
        [
          12,
          14,
          22,
          10,
          9,
          20,
          36,
          28
        ],
        [
          4,
          6,
          11,
          4,
          7,
          5,
          17,
          96
        ]
      ]
    }
  }
}